{
  "384": {
    "latencies_ms": [
      251.16210896521807,
      250.19041600171477,
      249.7571490239352,
      250.49717898946255,
      249.9740329803899
    ],
    "mean_ms": 250.3161771921441,
    "p50_ms": 250.19041600171477,
    "p95_ms": 251.02912297006696,
    "diff_prompt_ms": 249.83271001838148,
    "vram_gb": 15.990127104
  },
  "512": {
    "latencies_ms": [
      353.70244004298,
      352.71366499364376,
      351.9451420288533,
      350.86517699528486,
      350.71446606889367
    ],
    "mean_ms": 351.9881780259311,
    "p50_ms": 351.9451420288533,
    "p95_ms": 353.50468503311276,
    "diff_prompt_ms": 350.6586200091988,
    "vram_gb": 15.990127104
  }
}