{
  "mean_ms": 10436.977734323591,
  "p50_ms": 10433.533317991532,
  "p95_ms": 10458.892130991444,
  "min_ms": 10387.1863669483,
  "vram_gb": 28.453757952
}